id,conversation_id,created_at,date,time,timezone,user_id,username,name,place,tweet,language,mentions,urls,photos,replies_count,retweets_count,likes_count,hashtags,cashtags,link,retweet,quote_url,video,thumbnail,near,geo,source,user_rt_id,user_rt,retweet_id,reply_to,retweet_date,translate,trans_src,trans_dest
1506528300985901060,1504398354565976070,2022-03-23 08:08:31 +01,2022-03-23,08:08:31,+0100,1254061390895165442,viktor9114,Viktor91,,"@OlafScholz Mr Scholz, stop thinking about elections, you can't do ""business as usual"" any more. Higher petrol&amp;gaz prices are not comparable to what Russia does in Ukraine",en,[],[],[],0,0,0,[],[],https://twitter.com/Viktor9114/status/1506528300985901060,False,,0,,,,,,,,"[{'screen_name': 'OlafScholz', 'name': 'Olaf Scholz', 'id': '38150247'}]",,,,
1506453843940605954,1506453843940605954,2022-03-23 03:12:39 +01,2022-03-23,03:12:39,+0100,1428483832928358403,mysillyplanet2,mysillyplanettoo,,...CHINESE Making the RUSSIAN GAZ.... #Russia #China #Ukraine #SUV #Military  https://t.co/JZyIsfkTJU,en,[],[],['https://pbs.twimg.com/media/FOf_rgSVEAMyHEF.png'],0,0,0,"['russia', 'china', 'ukraine', 'suv', 'military']",[],https://twitter.com/mysillyplanet2/status/1506453843940605954,False,,1,https://pbs.twimg.com/media/FOf_rgSVEAMyHEF.png,,,,,,,[],,,,
1506446306394271745,1506310307412680713,2022-03-23 02:42:42 +01,2022-03-23,02:42:42,+0100,1349184812418912257,mspergin,Spergin Morlock,,"@gaz_m_ @abbienormal @visegrad24 as long as it's contained to Ukraine (ie, non-NATO territory) it'll likely be limited to weapons transfers.  if Russia attacks NATO territory, article 5 gets called and then things get ""interesting""",en,[],[],[],0,0,0,[],[],https://twitter.com/MSpergin/status/1506446306394271745,False,,0,,,,,,,,"[{'screen_name': 'gaz_m_', 'name': 'Gaz Mitchell', 'id': '60960336'}, {'screen_name': 'abbienormal', 'name': 'Abbie Normal', 'id': '1497332363277254657'}, {'screen_name': 'visegrad24', 'name': 'Visegr√°d 24', 'id': '1222773302441148416'}]",,,,
1506346062050693122,1506341999309475845,2022-03-22 20:04:22 +01,2022-03-22,20:04:22,+0100,848886100894654464,tarek_ax,Tarek Ax,,@dyip96 @The_Real_Fly No its because us want to take ukraine gaz and oil amd sell it to europ amd cut russia off so putin got pissed and jumped in crimea and shit started from their,en,[],[],[],0,0,0,[],[],https://twitter.com/tarek_ax/status/1506346062050693122,False,,0,,,,,,,,"[{'screen_name': 'dyip96', 'name': 'doug', 'id': '2291725795'}, {'screen_name': 'The_Real_Fly', 'name': 'The_Real_Fly', 'id': '15079601'}]",,,,
1506295683543875584,1506255014863331335,2022-03-22 16:44:11 +01,2022-03-22,16:44:11,+0100,1202400568943271936,buddhas_the,The Buddha's Socks,,"@NadiaInBC @WesClarkjr @davetroy I have never been to Ukraine but I know many Ukranians...and like the Polish, Hungarians, Rumanians,Mildivans,Georgiana,Chechens, Baltic States etc nobody want s anything to do with Russia (but for buying gaz &amp; petrol). Nobody .... Why would they ?",en,[],[],[],4,0,0,[],[],https://twitter.com/buddhas_the/status/1506295683543875584,False,,0,,,,,,,,"[{'screen_name': 'NadiaInBC', 'name': 'NadiaInBC', 'id': '1165027684423913472'}, {'screen_name': 'WesClarkjr', 'name': 'Wesley Clark', 'id': '723200033634439173'}, {'screen_name': 'davetroy', 'name': 'Dave Troy üåª', 'id': '4848301'}]",,,,
1506279210737930258,1506246302220357632,2022-03-22 15:38:43 +01,2022-03-22,15:38:43,+0100,1499275953821954052,franciscojgjob,Francisco Jg,,"@DmytroKuleba @WBHoekstra Germany &amp; Netherlands keep financing Putin's Russia War on Ukraine,... they keep buying billions in Gaz/Oil,... they keep blocking further sanctions from the EU,... they're accomplices in the murder of Ukrainians  https://t.co/9V4QlYtKUN",en,[],[],['https://pbs.twimg.com/media/FOdg9YyXIAQ-kIn.jpg'],1,1,3,[],[],https://twitter.com/franciscojgjob/status/1506279210737930258,False,,1,https://pbs.twimg.com/media/FOdg9YyXIAQ-kIn.jpg,,,,,,,"[{'screen_name': 'DmytroKuleba', 'name': 'Dmytro Kuleba', 'id': '2885493519'}, {'screen_name': 'WBHoekstra', 'name': 'Wopke Hoekstra', 'id': '920164010342912000'}]",,,,
1506266241790627844,1506266241790627844,2022-03-22 14:47:11 +01,2022-03-22,14:47:11,+0100,1495131422616698888,journalistcnyt,Journalist_cuneyt,,#RussianUkrainianWar #RussiaUkraine #RusyaUkrayna Kherson da rus g√º√ßleri protestocularƒ± daƒüƒ±tmak i√ßin g√∂z ya≈üartƒ±cƒ± gaz kullandƒ±.  https://t.co/TSBitDkFW8,tr,[],[],[],1,0,0,"['russianukrainianwar', 'russiaukraine', 'rusyaukrayna']",[],https://twitter.com/Journalistcnyt/status/1506266241790627844,False,,1,https://pbs.twimg.com/ext_tw_video_thumb/1506266174534914057/pu/img/rCQqbhZ1ym2KkSyN.jpg,,,,,,,[],,,,
1506220628717756417,1506220628717756417,2022-03-22 11:45:56 +01,2022-03-22,11:45:56,+0100,18168998,bbcgahuza,BBC News Gahuza,,"#Mariupol: aba nye #Ukraine barenga 300 000 bugaraniwe yo  Imbere ko ukwezi guhera #Russia itanguye ibitero, abugaraniweyo,  ivya nkenerwa nka gaz, #amazi meza, umuyagankuba,  bigenda birahera uko isatirirwa.  Videos za #BBC #Gahuza:  https://t.co/cCnbrX0K7z  https://t.co/lgTTX01OXX",tl,[],['https://bbc.in/3L71BPk'],[],0,0,10,"['mariupol', 'ukraine', 'russia', 'amazi', 'bbc', 'gahuza']",[],https://twitter.com/bbcgahuza/status/1506220628717756417,False,,1,https://pbs.twimg.com/media/FOcrqt_WYAIErto.jpg,,,,,,,[],,,,
1506071444849111041,1506025425507696649,2022-03-22 01:53:08 +01,2022-03-22,01:53:08,+0100,806289989487230976,moulayatiq,yacin jamal,,@mhmck Ukraine  can cut of the gaz which passes from Ukraine to Europe. Its easy and efficient like what happened in the past. Europe will be with Russia energy,en,[],[],[],1,0,4,[],[],https://twitter.com/moulayatiq/status/1506071444849111041,False,,0,,,,,,,,"[{'screen_name': 'mhmck', 'name': 'Michael MacKay', 'id': '2415072836'}]",,,,
1506015658898821125,1505989772514402304,2022-03-21 22:11:28 +01,2022-03-21,22:11:28,+0100,824724715612864512,rumbbler,Kim Rose,,"@CandiceBergenMP First of all, Russian oil is still being sent to urope via pipelines thru Ukraine. Second, Russia is not sending liquid natural gaz to urope because it's about 10√ó the price of oil thru pipelines.",en,[],[],[],1,0,0,[],[],https://twitter.com/rumbbler/status/1506015658898821125,False,,0,,,,,,,,"[{'screen_name': 'CandiceBergenMP', 'name': 'Candice Bergen', 'id': '833988769'}]",,,,
1506009130410168327,1506009130410168327,2022-03-21 21:45:31 +01,2022-03-21,21:45:31,+0100,14336833,toon,Toon Vanagt,,Just ordered 15 solar panels (410W/panel) with a 6.4 kW peak for my home in Brussels. One of the actionable measures (lucky) homeowners can do for the climate by reducing energy dependence on fossil fuels and reduce European (gaz)funding of Russia's war in Ukraine..,en,[],[],[],12,4,65,[],[],https://twitter.com/Toon/status/1506009130410168327,False,,0,,,,,,,,[],,,,
1505953837856739329,1505953837856739329,2022-03-21 18:05:48 +01,2022-03-21,18:05:48,+0100,3090774065,zigfriedwalters, ê…®…¢ Ñ Ä…®…õ…ñ,,"Dear @OlafScholz , if you stop buying gaz to Russia, you end the war with Ukraine, you save lives, you bring peace back. So why don't you do it ????",en,"[{'screen_name': 'olafscholz', 'name': 'olaf scholz', 'id': '38150247'}]",[],[],0,0,0,[],[],https://twitter.com/ZigfriedWalters/status/1505953837856739329,False,https://twitter.com/OlenaHalushka/status/1505930913816924170,0,,,,,,,,[],,,,
1505883931979272194,1505883931979272194,2022-03-21 13:28:02 +01,2022-03-21,13:28:02,+0100,901181278476787712,jacquetalain57,Jacquet,,"#crise #RussiaUkraine #Poutine  la morale variable, int√©r√™ts financiers, p√©trole, gaz ‚Ä¶",fr,[],[],[],0,0,0,"['crise', 'russiaukraine', 'poutine']",[],https://twitter.com/jacquetalain57/status/1505883931979272194,False,https://twitter.com/bmoon_bee/status/1505100321399443457,0,,,,,,,,[],,,,
1505882185634623488,1505882185634623488,2022-03-21 13:21:05 +01,2022-03-21,13:21:05,+0100,337897406,idipl0,iDiplo,,"üá©üá™üá∑üá∫ Si la F√©d√©ration de Russie arr√™te l‚Äôapprovisionnement en gaz, l‚Äôhiver prochain, les Allemands n‚Äôauront pas assez de gaz pour chauffer leurs maisons, a d√©clar√© le ministre allemand de l‚Äô√âconomie. #Ukraine #Russia #UkraineRussiaWar",fr,[],[],[],0,0,1,"['ukraine', 'russia', 'ukrainerussiawar']",[],https://twitter.com/iDipl0/status/1505882185634623488,False,,0,,,,,,,,[],,,,
1505831219174555650,1505799521011445767,2022-03-21 09:58:34 +01,2022-03-21,09:58:34,+0100,7682502,lecho,L'Echo,,#LIVE | La Slov√©nie renvoie des diplomates √† Kiev | #Gazprom continue ses exportations de gaz vers l'Europe via l'Ukraine | Pas d'accord pour √©vacuer les civils de #Marioupol ‚û°  https://t.co/kLwHn50rg0  #Ukraine #Russia #UkraineRussiaWar  https://t.co/URL8LreT8t,fr,[],"['https://www.lecho.be/dossiers/conflit-ukraine-russie/au-moins-six-morts-dans-un-bombardement-nocturne-a-kiev-l-ue-pense-a-un-5e-train-de-sanctions-contre-la-russie/10374939.html?#785514', 'https://twitter.com/JJansaSDS/status/1505616969382473731']",[],1,0,0,"['live', 'gazprom', 'marioupol', 'ukraine', 'russia', 'ukrainerussiawar']",[],https://twitter.com/lecho/status/1505831219174555650,False,https://twitter.com/JJansaSDS/status/1505616969382473731,0,,,,,,,,[],,,,
1505730672966750210,1505730672966750210,2022-03-21 03:19:02 +01,2022-03-21,03:19:02,+0100,1471191353413545987,ruthyoung01,Raymond Molina,,Destroyed GAZ Tiger convoy | ukraine vs russia tensions today #Shorts  https://t.co/I3Kacw1ggD via @YouTube,en,"[{'screen_name': 'youtube', 'name': 'youtube', 'id': '10228272'}]",['https://youtube.com/shorts/mYGS9auP5ZM?feature=share'],[],0,0,0,['shorts'],[],https://twitter.com/Ruthyoung01/status/1505730672966750210,False,,0,,,,,,,,[],,,,
1505712105562914820,1505712105562914820,2022-03-21 02:05:15 +01,2022-03-21,02:05:15,+0100,826378796823564288,pat7boy,PatBoy,,"ON THIS PLANET, RUSSIA IS A BIG GAZ STATION, WITH NUCLEAR DEVICES  #Russia  #RussiaInvadedUkraine #RussianUkrainianWar #RussianWarCrimes #Putin #PutinWarCrimes #PutinWarCriminal #Ukraine #UkraineInvasion #UkraineUnderAttack #UkraineRussiaWar  https://t.co/wo12TBTeJL",en,[],[],['https://pbs.twimg.com/media/FOVdLiLVcAQE7Sn.jpg'],0,0,1,"['russia', 'russiainvadedukraine', 'russianukrainianwar', 'russianwarcrimes', 'putin', 'putinwarcrimes', 'putinwarcriminal', 'ukraine', 'ukraineinvasion', 'ukraineunderattack', 'ukrainerussiawar']",[],https://twitter.com/pat7boy/status/1505712105562914820,False,,1,https://pbs.twimg.com/media/FOVdLiLVcAQE7Sn.jpg,,,,,,,[],,,,
1505687380862320640,1505612665477083145,2022-03-21 00:27:00 +01,2022-03-21,00:27:00,+0100,1376875675894824965,fred_connect,Fr√©d√©ric_Connect,,"@_2019_nCoV Et les #USA, retrouvent les achats #gaz #Essence  aupr√®s de l'Iran et du V√©n√©zuela , pour asphyxier la   #Russie #Russia        #Russie_Ukraine .",fr,[],[],[],0,0,2,"['usa', 'gaz', 'essence', 'russie', 'russia', 'russie_ukraine']",[],https://twitter.com/Fred_Connect/status/1505687380862320640,False,,0,,,,,,,,"[{'screen_name': '_2019_nCoV', 'name': '-_ 2019_nCoV_-', 'id': '1420805786498969608'}]",,,,
1505659902865326087,1505659902865326087,2022-03-20 22:37:49 +01,2022-03-20,22:37:49,+0100,1193929980952100864,l0gic_karma,Logic Karma,,#UkrianeWar #UkraineRussiaWar #Ukraine Props to #Germany who will get rid off #Russia #Terrorists gaz by contracting with #Qatar  üá©üá™ü§ùüá∂üá¶,en,[],[],[],0,0,0,"['ukrianewar', 'ukrainerussiawar', 'ukraine', 'germany', 'russia', 'terrorists', 'qatar']",[],https://twitter.com/L0gic_karma/status/1505659902865326087,False,,0,,,,,,,,[],,,,
1505617614411911168,1505594818449141762,2022-03-20 19:49:46 +01,2022-03-20,19:49:46,+0100,1266772170983776259,volnaycm,Volnay,,"@McFaul @alexstubb It's exactly what Putin has trained for in Syria =&gt;Aleppo. No one cared about the civilians when erased the city.  Now this is what will happen to Ukraine if we go on buying oil, gaz and coal to Russia. The only way to stop this is to stop importing ANYTHING from Russia. Now.",en,[],[],[],0,0,0,[],[],https://twitter.com/VolnayCm/status/1505617614411911168,False,,0,,,,,,,,"[{'screen_name': 'McFaul', 'name': 'Michael McFaul', 'id': '454099919'}, {'screen_name': 'alexstubb', 'name': 'Alexander Stubb', 'id': '36048614'}]",,,,
1505598172260937733,1505598172260937733,2022-03-20 18:32:31 +01,2022-03-20,18:32:31,+0100,1449110480,mednavaz,Kaan √áEBEN,,"Babil ƒ∞mparatorluƒüu'ndan, 21 y√ºzyƒ±l Gaz ve Petrol Sava≈ülarƒ±na...  https://t.co/sUTYhW4Rlr  #Ukrayna #RussiaUkraine #Taliban  https://t.co/9Va6dPJdH9",tr,[],['https://youtu.be/JbbdwAwzuaM'],['https://pbs.twimg.com/media/FOT1juVX0A4MgIH.jpg'],0,0,0,"['ukrayna', 'russiaukraine', 'taliban']",[],https://twitter.com/Mednavaz/status/1505598172260937733,False,,1,https://pbs.twimg.com/media/FOT1juVX0A4MgIH.jpg,,,,,,,[],,,,
1505584683094097921,1505584683094097921,2022-03-20 17:38:55 +01,2022-03-20,17:38:55,+0100,1498313123937366016,uwtracker,üá∫üá¶Ukraine_Weapons Tracker,,‚ùóDestroyed Russian GAZ-2975 Tigr near of #Sumy #Ukraine #UkraineÔ∏è #UkraineRussianWar #UkraineCrisis #UkraineUnderAttack #Ukriane #Ukrainian #Ukraina #Russia #Kiev  https://t.co/whclYEvqDc,en,[],[],['https://pbs.twimg.com/media/FOTpShOXoAAaLdi.jpg'],1,1,2,"['sumy', 'ukraine', 'ukraineÔ∏è', 'ukrainerussianwar', 'ukrainecrisis', 'ukraineunderattack', 'ukriane', 'ukrainian', 'ukraina', 'russia', 'kiev']",[],https://twitter.com/UWTracker/status/1505584683094097921,False,,1,https://pbs.twimg.com/media/FOTpShOXoAAaLdi.jpg,,,,,,,[],,,,
1505578887593533444,1504894152462454791,2022-03-20 17:15:53 +01,2022-03-20,17:15:53,+0100,1871181384,5760oa7,–†–æ–∏—Å—Å—è–≤–ø–µ—Ä–¥–µ –Ø –≤—ã—Ä–≤–∞–ª—Å—è –∏–∑ –ê–î–ê!,,@TVP3Krakow @AMAdamczyk russia must feel the consequences of their military aggression and invasion to Ukraine. You should block the russian transportation flow though your country and borders. Show your support in real actions while people are dying and loosing their homes in Ukraine. Stop gaz!,en,[],[],[],0,0,0,[],[],https://twitter.com/5760oa7/status/1505578887593533444,False,,0,,,,,,,,"[{'screen_name': 'TVP3Krakow', 'name': 'TVP3 Krak√≥w', 'id': '734658002595262465'}, {'screen_name': 'AMAdamczyk', 'name': 'Andrzej Adamczyk', 'id': '3341340040'}]",,,,
1505520745237172229,1505519052021719040,2022-03-20 13:24:51 +01,2022-03-20,13:24:51,+0100,97464597,jeromepio,J√©r√¥me üá™üá∫ üá∫üá¶,,"@fpleitgenCNN @thomas_wiegold You need a massive war in Central Europe to support #Ukraine. Sorry but it‚Äôs not enough. It‚Äôs way not enough.  #Russia cannot be a partner in the next two decades. No more oil, no more gaz from Russia.",en,[],[],[],0,0,26,"['ukraine', 'russia']",[],https://twitter.com/JeromePio/status/1505520745237172229,False,,0,,,,,,,,"[{'screen_name': 'fpleitgenCNN', 'name': 'Frederik Pleitgen', 'id': '23572083'}, {'screen_name': 'thomas_wiegold', 'name': 'thomas_wiegold', 'id': '17622775'}]",,,,
1505503226044502022,1505443645343809538,2022-03-20 12:15:14 +01,2022-03-20,12:15:14,+0100,1503792560866840581,dragan2sr,SrDragan,,@NorrinRaddSN the reason he want Ukraine other than what he say is having more ressource for the growth of his country now he will control all wheat that ukraine exported under russia name and that make other country prisoner even more so GAZ/oil etc.. add food now so the sanction,en,[],[],[],1,0,0,[],[],https://twitter.com/Dragan2Sr/status/1505503226044502022,False,,0,,,,,,,,"[{'screen_name': 'NorrinRaddSN', 'name': 'Moody', 'id': '1208779494'}]",,,,
1505435113613574145,1505347215530905603,2022-03-20 07:44:35 +01,2022-03-20,07:44:35,+0100,1501697517997678596,nazanm17616275,Nazan M,,"@Russiaconflict Putin believes China is going to go to war for Russia. Totally Crazy. All china need, is oil russia oil, gaz, and mineral ressources",en,[],[],[],0,0,0,[],[],https://twitter.com/NazanM17616275/status/1505435113613574145,False,,0,,,,,,,,"[{'screen_name': 'Russiaconflict', 'name': 'Russia Ukraine Conflict', 'id': '1495527547135832068'}]",,,,
1505375559643283460,1505273153488138240,2022-03-20 03:47:56 +01,2022-03-20,03:47:56,+0100,1503792560866840581,dragan2sr,SrDragan,,"@BCN4EU @RegisteredHere @PLCount @nexta_tv it's complete opposite of simple i have seen what country win in this conflict and who lose in it the biggest loser in this is Ukraine , US will start to sell it Gaz to EU weapon too,as for EU is second loser cause they will have hard time from now ,3rd Russia in EU market",en,[],[],[],1,0,0,[],[],https://twitter.com/Dragan2Sr/status/1505375559643283460,False,,0,,,,,,,,"[{'screen_name': 'BCN4EU', 'name': 'ClarityAct', 'id': '929847555172765696'}, {'screen_name': 'RegisteredHere', 'name': 'RegisteredHere', 'id': '1968604999'}, {'screen_name': 'PLCount', 'name': 'Mark Zaleski', 'id': '33458852'}, {'screen_name': 'nexta_tv', 'name': 'NEXTA', 'id': '1891490382'}]",,,,
1505223778766307329,1505161136194347010,2022-03-19 17:44:49 +01,2022-03-19,17:44:49,+0100,516582556,badis25320,BadisHugo,,"@mfa_russia @KremlinRussia_E @RusEmbUSA @RussianEmbassy @EmbassyofRussia @RusEmbIndia @Dpol_un @Amb_Ulyanov @A__Alimov @RusEmbJakarta @RussianEmbassyC On a plus le p√©trole et le gaz russe √† cause de l'invasion en Ukraine et parce que l'occident n'est pas d'accord, c'est un mensonge? –£ –Ω–∞—Å –±–æ–ª—å—à–µ –Ω–µ—Ç —Ä–æ—Å—Å–∏–π—Å–∫–æ–π –Ω–µ—Ñ—Ç–∏ –∏ –≥–∞–∑–∞ –∏–∑-–∑–∞ –≤—Ç–æ—Ä–∂–µ–Ω–∏—è –≤ –£–∫—Ä–∞–∏–Ω—É –∏ –∏–∑-–∑–∞ —Ç–æ–≥–æ, —á—Ç–æ –ó–∞–ø–∞–¥ –Ω–µ —Å–æ–≥–ª–∞—Å–µ–Ω, —ç—Ç–æ –ª–æ–∂—å?",und,[],[],[],0,0,0,[],[],https://twitter.com/Badis25320/status/1505223778766307329,False,,0,,,,,,,,"[{'screen_name': 'mfa_russia', 'name': 'MFA Russia üá∑üá∫', 'id': '255471924'}, {'screen_name': 'KremlinRussia_E', 'name': 'President of Russia', 'id': '205622130'}, {'screen_name': 'RusEmbUSA', 'name': 'Russian Embassy in USA üá∑üá∫', 'id': '1267887043'}, {'screen_name': 'RussianEmbassy', 'name': 'Russian Embassy, UK', 'id': '114718372'}, {'screen_name': 'EmbassyofRussia', 'name': 'Russia in RSA üá∑üá∫', 'id': '706646642'}, {'screen_name': 'RusEmbIndia', 'name': 'Russia in India üá∑üá∫', 'id': '707067944'}, {'screen_name': 'Dpol_un', 'name': 'Dmitry Polyanskiy', 'id': '923231030160400384'}, {'screen_name': 'Amb_Ulyanov', 'name': 'Mikhail Ulyanov', 'id': '1122618943225643009'}, {'screen_name': 'A__Alimov', 'name': 'Alexander Alimov', 'id': '1120732637298077702'}, {'screen_name': 'RusEmbJakarta', 'name': 'Russian Embassy, IDN', 'id': '360374306'}, {'screen_name': 'RussianEmbassyC', 'name': 'Russia in Canada', 'id': '475954041'}]",,,,
1505154603633020936,1505154603633020936,2022-03-19 13:09:56 +01,2022-03-19,13:09:56,+0100,3122211,eraser,ü¶†üëæ,,Guerre en Ukraine : comment l‚ÄôEurope peut r√©duire son ultrad√©pendance au gaz de la Russie  https://t.co/ZZY7loN2cB #war #Ucrania #russia #Rusia #gaz #gas #digitaltransformation 3energy #energ√≠a #gas,fr,[],['https://www.lemonde.fr/economie/article/2022/03/08/comment-l-europe-peut-reduire-sa-dependance-au-gaz-russe_6116588_3234.html'],[],0,2,2,"['war', 'ucrania', 'russia', 'rusia', 'gaz', 'gas', 'digitaltransformation', 'energ√≠a', 'gas']",[],https://twitter.com/eraser/status/1505154603633020936,False,,0,,,,,,,,[],,,,
1504683722624450572,1504578776495239171,2022-03-18 05:58:49 +01,2022-03-18,05:58:49,+0100,4740916454,liberte_lily,Lily Dufret #Charlie #Paty #Mila #Libert√©,,@Jean_Jourdy @Nestle @Russia L'Allemagne continue √† acheter le gaz russe donc finance la guerre contre l'Ukraine.,fr,[],[],[],0,0,6,[],[],https://twitter.com/liberte_lily/status/1504683722624450572,False,,0,,,,,,,,"[{'screen_name': 'Jean_Jourdy', 'name': 'Jean Jourdy', 'id': '2969423626'}, {'screen_name': 'Nestle', 'name': 'Nestl√©', 'id': '23085995'}, {'screen_name': 'Russia', 'name': 'Russia üá∑üá∫', 'id': '2874959663'}]",,,,
1504566783855849477,1504404296137261056,2022-03-17 22:14:09 +01,2022-03-17,22:14:09,+0100,772526779852394496,dtrmag,DTR Magazine,,"@MarkSchweikert1 @AustralianArmy @ThalesAustralia @thalesgroup Russia's Hawkei equivalent - the Tigr GAZ-2975 - has been belted hard in the highly lethal Ukraine fighting. Its crew protection levels are probably not as high as Hawkei, esp blast. But Hawkei is still just a protected light utility/log vehicle, not a combat vehicle. @EliLea1  https://t.co/o2j1QTr3YA",en,"[{'screen_name': 'elilea1', 'name': 'eli lea', 'id': '927490162640142336'}]",[],"['https://pbs.twimg.com/media/FOFH-baVUAAdwHK.jpg', 'https://pbs.twimg.com/media/FOFH_z7VQBsGlxB.jpg']",0,0,4,[],[],https://twitter.com/DTRmag/status/1504566783855849477,False,,1,https://pbs.twimg.com/media/FOFH-baVUAAdwHK.jpg,,,,,,,"[{'screen_name': 'MarkSchweikert1', 'name': 'Mark Schweikertüá¶üá∫', 'id': '713842304'}, {'screen_name': 'AustralianArmy', 'name': 'Australian Army', 'id': '53297400'}, {'screen_name': 'ThalesAustralia', 'name': 'Thales Australia', 'id': '152913389'}, {'screen_name': 'thalesgroup', 'name': 'Thales Group', 'id': '23314228'}]",,,,
1504524863859535872,1504524863859535872,2022-03-17 19:27:34 +01,2022-03-17,19:27:34,+0100,1497743395107876864,warinformed,War Informed,,"Russian armored vehicles LMV Iveco ""Lynx"" and GAZ ""Tiger-M SpN"" on the outskirts of Mariupol with ""O"" markings on the door.  #Ukraine #UkraineRussiaWar #UkraineRussia #Russia #RussiaUkraine #RussiaUkraineWar #RussianArmy  https://t.co/Y7w1xTAUWY",en,[],[],[],1,1,3,"['ukraine', 'ukrainerussiawar', 'ukrainerussia', 'russia', 'russiaukraine', 'russiaukrainewar', 'russianarmy']",[],https://twitter.com/WarInformed/status/1504524863859535872,False,,1,https://pbs.twimg.com/ext_tw_video_thumb/1504524743373991937/pu/img/cRXiuGPvl7j6X8Tv.jpg,,,,,,,[],,,,
1504523716172161025,1504523716172161025,2022-03-17 19:23:01 +01,2022-03-17,19:23:01,+0100,3063907936,diploeco,Diplomatie √âconomique,,üá∫üá¶üá∑üá∫ L'Ukraine est le premier exportateur mondial de gaz n√©on  indispensable √† la fabrication des semi-conducteurs #Russie #Russia   https://t.co/mZZWFyerjh,fr,[],['https://www.bbc.com/afrique/monde-60766554'],[],0,2,0,"['russie', 'russia']",[],https://twitter.com/diploeco/status/1504523716172161025,False,,0,,,,,,,,[],,,,
1504483260792918023,1504483260792918023,2022-03-17 16:42:15 +01,2022-03-17,16:42:15,+0100,1458431101580554240,moorsvital,Vital Moors,,I hope Germany is not again at the wrong side of the history.  Is in Germany economy more important than human lives?  Why does Germany not support a boycott of Russian oil and gaz? Why are German companies still active in Russia?  #germany #humanrights #ukraine #stopthewar  https://t.co/t0UWZhurZx,en,[],[],['https://pbs.twimg.com/media/FOD_jUwVsAABEgh.jpg'],1,3,7,"['germany', 'humanrights', 'ukraine', 'stopthewar']",[],https://twitter.com/MoorsVital/status/1504483260792918023,False,,1,https://pbs.twimg.com/media/FOD_jUwVsAABEgh.jpg,,,,,,,[],,,,
1504449108362371076,1504449108362371076,2022-03-17 14:26:33 +01,2022-03-17,14:26:33,+0100,96849754,mojanorwegia,MojaNorwegia,,"Norwegia zapewnia, ≈ºe dostawy bƒôdƒÖ wsparciem dla pa≈Ñstw UE.  #war #wojna #Rosja #Ukraina #Putin #RussiaUkraineConflict #Kiev #Kyiv #Russia #Kij√≥w #Kharkiv #Ukraine #gas #gaz   https://t.co/R89VrLYhbg",pl,[],['https://www.mojanorwegia.pl/biznes-i-gospodarka/wysoki-poziom-wydobycia-gazu-utrzymany-zapewni-ciaglosc-dostaw-dla-ue-20197.html'],[],0,0,3,"['war', 'wojna', 'rosja', 'ukraina', 'putin', 'russiaukraineconflict', 'kiev', 'kyiv', 'russia', 'kij√≥w', 'kharkiv', 'ukraine', 'gas', 'gaz']",[],https://twitter.com/mojanorwegia/status/1504449108362371076,False,,0,,,,,,,,[],,,,
1504431604499890179,1504355017616150528,2022-03-17 13:17:00 +01,2022-03-17,13:17:00,+0100,1497394317723414528,pizzafa19043340,Pizza Face,,"@nexta_tv At least im hoping that Ukraine doesn't pay for gasoline, gaz and coal from Russia?! There are enough its supporters in üá™üá∫ :(",en,[],[],[],0,0,0,[],[],https://twitter.com/PizzaFa19043340/status/1504431604499890179,False,,0,,,,,,,,"[{'screen_name': 'nexta_tv', 'name': 'NEXTA', 'id': '1891490382'}]",,,,
1504353096662720519,1504353096662720519,2022-03-17 08:05:02 +01,2022-03-17,08:05:02,+0100,3402412635,adfmagazine,ADF Magazine,,Apprenez comment un grand nombre de pays africains cherchent √† satisfaire √† la demande europ√©enne pour le p√©trole et le gaz √† la suite des sanctions impos√©es √† #Russia pour son invasion de l‚ÄôUkraine -  https://t.co/usC3y8OrD4,fr,[],['https://adf-magazine.com/fr/2022/03/alors-que-le-monde-delaisse-lenergie-russe-lafrique-percoit-une-opportunite/'],[],0,0,0,['russia'],[],https://twitter.com/ADFmagazine/status/1504353096662720519,False,,0,,,,,,,,[],,,,
1504223532896727040,1504223532896727040,2022-03-16 23:30:12 +01,2022-03-16,23:30:12,+0100,1042750850203103232,jeanjacquesdes7,Jean Jacques Dessalines,,"When Russia &amp; Ukraine settle their differences, &amp; Russia get their assurances of Ukraine‚Äôs neutrality, &amp; UKR gets üá∑üá∫ forces to leave, US/NATO will claim victory somehow. Meanwhile, know that it is China, not üá∫üá∏, that is/was force for ‚òÆÔ∏è. Beware of those that poured gaz in the üî•  https://t.co/1laipsBYXp",en,[],[],['https://pbs.twimg.com/media/FOATVBFXoAEuvGx.jpg'],0,1,5,[],[],https://twitter.com/JeanJacquesDes7/status/1504223532896727040,False,,1,https://pbs.twimg.com/media/FOATVBFXoAEuvGx.jpg,,,,,,,[],,,,
1504139699979718656,1504097883406090243,2022-03-16 17:57:04 +01,2022-03-16,17:57:04,+0100,1183047260,dchapeyarcodez,Debasish Chapeyar,,@LUCEC_LDR @gizzyone1 @JackPosobiec there are GAZ-2975 Tigr .light infantry .so where are the heavy weaponry mate that you are claiming ?i m saying that Russia is later going to use their heavy weaponry. n you r claiming that Russia are using it n still getting mopped by Ukraine. so proof is on you to show us that.,en,[],[],[],2,0,0,[],[],https://twitter.com/dchapeyarcodez/status/1504139699979718656,False,,0,,,,,,,,"[{'screen_name': 'LUCEC_LDR', 'name': 'Foehammerr', 'id': '2252640211'}, {'screen_name': 'gizzyone1', 'name': 'king of pullouts üò≥ü¶Å', 'id': '1667691421'}, {'screen_name': 'JackPosobiec', 'name': 'Jack Posobiec üá∫üá∏', 'id': '592730371'}]",,,,
1504137919715594246,1504137919715594246,2022-03-16 17:50:00 +01,2022-03-16,17:50:00,+0100,820773888137240576,cest__carre,C'estCarr√© üü©,,"üá∫üá¶üá∑üá∫ Train transportant de nombreux v√©hicules militaires russe rep√©r√© √† Saint-P√©tersbourg, en #Russie.  ‚ñ™Ô∏é On peut y voir des GAZ 2330 Tigr et de nombreux Typhoon-K MRAP. Ce sont des v√©hicules blind√©s de transport de personnel.  #UkraineWar #UkraineUnderAttack #Ukraine #Russia  https://t.co/WcHg2NtqvH",fr,[],[],[],0,8,15,"['russie', 'ukrainewar', 'ukraineunderattack', 'ukraine', 'russia']",[],https://twitter.com/Cest__Carre/status/1504137919715594246,False,,1,https://pbs.twimg.com/ext_tw_video_thumb/1504117804706025478/pu/img/BxL6PkGHc7w9Rx3H.jpg,,,,,,,[],,,,
1504104067760594945,1504104067760594945,2022-03-16 15:35:29 +01,2022-03-16,15:35:29,+0100,1475378714674356231,lerieur4,Le rieur,,"La bi√®re est maintenant moins cher que le gaz, buvez, ne conduisez plus.  #ukraine #russia #FaceABaba  https://t.co/Z9AQll0MDl",fr,[],[],['https://pbs.twimg.com/media/FN-mrK5XIA0FAyJ.jpg'],0,0,1,"['ukraine', 'russia', 'faceababa']",[],https://twitter.com/Lerieur4/status/1504104067760594945,False,,1,https://pbs.twimg.com/media/FN-mrK5XIA0FAyJ.jpg,,,,,,,[],,,,
1504103614171787265,1504103614171787265,2022-03-16 15:33:41 +01,2022-03-16,15:33:41,+0100,1960110732,osarikaya01,Orhan SARIKAYA üáπüá∑,,"#Almanya'nƒ±n en b√ºy√ºk enerji ≈üirketi E.ON, #Rus ≈üirketlerinden gaz alƒ±mƒ±nƒ± durdurdu.  #Ukraine #Ukraina #UkraineRussiaWar #Russia #RussiaUkraineWar #Russian #Kiev #Moskova #Germany",tr,[],[],[],3,1,18,"['almanya', 'rus', 'ukraine', 'ukraina', 'ukrainerussiawar', 'russia', 'russiaukrainewar', 'russian', 'kiev', 'moskova', 'germany']",[],https://twitter.com/osarikaya01/status/1504103614171787265,False,,0,,,,,,,,[],,,,
1504039242426732544,1504039242426732544,2022-03-16 11:17:53 +01,2022-03-16,11:17:53,+0100,1184927742929846275,nagiyev_yadigar,Yadigar Nagiyev,,"Gazprom'un doƒüal gaz ihracatƒ± y√ºzde 28,5 azaldƒ±  #Rusya #Russia #Ukraine #Ukrayna #energy #RussiaUkraineWar  #UkraineUnderAttack  https://t.co/zgJmJDVOm9",tr,[],[],['https://pbs.twimg.com/media/FN9risYWYAUtvmm.jpg'],0,0,0,"['rusya', 'russia', 'ukraine', 'ukrayna', 'energy', 'russiaukrainewar', 'ukraineunderattack']",[],https://twitter.com/nagiyev_yadigar/status/1504039242426732544,False,,1,https://pbs.twimg.com/media/FN9risYWYAUtvmm.jpg,,,,,,,[],,,,
1504011311146971139,1504009710407946242,2022-03-16 09:26:54 +01,2022-03-16,09:26:54,+0100,1328450712779382784,jerry_isabelle,Isa üá´üá∑‚ì©,,@spectatorindex Because of negotiations between Ukraine &amp; Russia and russian gaz keeps coming in.,en,[],[],[],0,0,0,[],[],https://twitter.com/jerry_isabelle/status/1504011311146971139,False,,0,,,,,,,,"[{'screen_name': 'spectatorindex', 'name': 'The Spectator Index', 'id': '1626294277'}]",,,,
1504007513955610625,1504007513955610625,2022-03-16 09:11:49 +01,2022-03-16,09:11:49,+0100,797320704299597824,hahirwabasenga,Hirwa Jean d Amour üá∑üáº,,"Gaz,  ibiciro RURA igiye kubivugurura. Iyi ntambara ya Ukraine na Russia nakataraza izakazana.",in,[],[],[],1,0,4,[],[],https://twitter.com/hahirwabasenga/status/1504007513955610625,False,,0,,,,,,,,[],,,,
1503860824364003337,1443618043339415562,2022-03-15 23:28:55 +01,2022-03-15,23:28:55,+0100,125166819,sebassjoli,K I N G | S√©·Ç¶ ‚ú® üá®üáÆ,,"Si la Russia coupe le gaz √† l'Allemagne en seulement 2 jours elle tombe.  l'Europe √† d√©clar√© la guerre √©conomique √† la Russie, ne soyez pas quand la Russie renvoies la balle  Quand la Russie terminera avec l'Ukraine Putin s'occupe de E.U  ‚úÇÔ∏èüí∂  C'EST LA FAUTE DE VOTRE DIRIGEANTS!",fr,[],[],[],0,0,0,[],[],https://twitter.com/sebassjoli/status/1503860824364003337,False,,0,,,,,,,,[],,,,
1503783250686267400,1503783250686267400,2022-03-15 18:20:40 +01,2022-03-15,18:20:40,+0100,1464754972873142274,aidane_dxb,Aidane,,"Where ur #nazi flags at??? #Russia suspends their #gas deliveries to #Germany, #Poland, #Belgium and #Netherlands via the #gazoduc #Yamal #Europe But nobody takes #Putin seriously right? Thanks to #EU #NATO and #UN and #USA !!!! #Ukraine #US #UkraineRussia #RussiaUkraineWar  #gaz",en,[],[],[],0,1,2,"['nazi', 'russia', 'gas', 'germany', 'poland', 'belgium', 'netherlands', 'gazoduc', 'yamal', 'europe', 'putin', 'eu', 'nato', 'un', 'usa', 'ukraine', 'us', 'ukrainerussia', 'russiaukrainewar', 'gaz']",[],https://twitter.com/Aidane_dxb/status/1503783250686267400,False,https://twitter.com/paola_nocilla/status/1503694886448648223,0,,,,,,,,[],,,,
1503689919520198656,1503689919520198656,2022-03-15 12:09:48 +01,2022-03-15,12:09:48,+0100,1369065514522316811,v_geuzen,Vlaamse Geuzen - Stand STRONG with Ukraine,,"this means that #russia still wants people to get out #ukraine because it is only interested in the minerals, food, energy, ports and gaz and not so much in the people it would have to feed and control for which it would need close to half a million soldiers at least  https://t.co/RwRntLQ9qp",en,[],[],['https://pbs.twimg.com/media/FN4t-eRXsAEATt9.png'],0,0,0,"['russia', 'ukraine']",[],https://twitter.com/v_geuzen/status/1503689919520198656,False,,1,https://pbs.twimg.com/media/FN4t-eRXsAEATt9.png,,,,,,,[],,,,
1503666863439548419,1503666863439548419,2022-03-15 10:38:11 +01,2022-03-15,10:38:11,+0100,2981070887,_olrik_,Olrik,,"La Chine n'aidera pas la Russie donc. üòÉ  La Russie est encore plus isol√©e !  Coupons gaz et p√©trole !  L'argent est le nerf de la guerre.  Allez les Ukrainiens, tenez le coup ! #StandWithUkraine #Ukraine #russia #china #UkraineRussianWar",fr,[],[],[],0,0,1,"['standwithukraine', 'ukraine', 'russia', 'china', 'ukrainerussianwar']",[],https://twitter.com/_Olrik_/status/1503666863439548419,False,https://twitter.com/Le_Figaro/status/1503658609850396672,0,,,,,,,,[],,,,
1503654604273242117,1503654604273242117,2022-03-15 09:49:28 +01,2022-03-15,09:49:28,+0100,139797857,xmouronvalle,Xavier üíôüíõ,,Quand est ce que l‚Äôon arr√™te d‚Äôimporter du gaz et du p√©trole russe en Europe ? #Ukraine #Europe #gaz #Russia,fr,[],[],[],0,0,0,"['ukraine', 'europe', 'gaz', 'russia']",[],https://twitter.com/xmouronvalle/status/1503654604273242117,False,,0,,,,,,,,[],,,,
1503558512869363714,1503558500143800331,2022-03-15 03:27:38 +01,2022-03-15,03:27:38,+0100,2178853706,wolftriebsch,W.P. H. Triebsch,,"Germany gets to certify the Gaz Pipeline adding branch lines into Belarus Ukraine and Poland .  Russia and USA each contribute the same amount to the RECONSTRUCTION BUDGET ! PEACE , a benefit for all - UKRAINE , RUSSIA, GERMANY , EUROPE !",en,[],[],[],1,0,0,[],[],https://twitter.com/WolfTriebsch/status/1503558512869363714,False,,0,,,,,,,,[],,,,
1503432931548835853,1503334382035165184,2022-03-14 19:08:37 +01,2022-03-14,19:08:37,+0100,1096178410693541889,valerii76440616,Valeriia,,"@FATFNews I am from Kherson, Ukraine, and I testify that russian soldiers kidnap, torture and kill civilians, bombard houses. They blocked the city, people don't have food, medicaments, electricity, water, gaz. Russia is terrorist state, please help Ukraine. #BlackListRussia  https://t.co/eLzbRA3lPa",en,[],[],['https://pbs.twimg.com/media/FN1EFN2XoAAopKT.jpg'],0,0,0,['blacklistrussia'],[],https://twitter.com/Valerii76440616/status/1503432931548835853,False,,1,https://pbs.twimg.com/media/FN1EFN2XoAAopKT.jpg,,,,,,,"[{'screen_name': 'FATFNews', 'name': 'FATF', 'id': '475630454'}]",,,,
1503432361844817921,1503013484031877126,2022-03-14 19:06:22 +01,2022-03-14,19:06:22,+0100,1043455997136826368,novichokrossiya,Masno,,The Armed Forces of Ukraine abandoned a GAZ-66-based command vehicle on the highway from Svatovo to Severodonetsk. #Russia #Ukraine  https://t.co/wUXlGUoJj7,en,[],[],[],2,0,6,"['russia', 'ukraine']",[],https://twitter.com/NovichokRossiya/status/1503432361844817921,False,,1,https://pbs.twimg.com/ext_tw_video_thumb/1503432326960852996/pu/img/E2_6xDNiik70DUk0.jpg,,,,,,,[],,,,
1503429890686787584,1503343904237703168,2022-03-14 18:56:32 +01,2022-03-14,18:56:32,+0100,960189741034606592,jeanmichchatain,Jean-Michel Chatain,,"@Alease00466855 @FingersFrancky @calculmental @tegnererik it could become a Win/Win situation: like drawing a line west of Kiev, these people wont feel good with Russia, but the rest of Ukraine yes... and Ukraine would still be getting big money thanks to the gaz sold to Europe, but with a smaller nation/territory, it would make a lot..",en,[],[],[],1,0,1,[],[],https://twitter.com/JeanMichChatain/status/1503429890686787584,False,,0,,,,,,,,"[{'screen_name': 'Alease00466855', 'name': 'Alease', 'id': '1499025404249714706'}, {'screen_name': 'FingersFrancky', 'name': 'Francky 4 Fingers', 'id': '1496927934178861059'}, {'screen_name': 'calculmental', 'name': 'calculmental', 'id': '431750043'}, {'screen_name': 'tegnererik', 'name': 'Erik Tegn√©r', 'id': '784347608'}]",,,,
1503415993389010955,1503415993389010955,2022-03-14 18:01:19 +01,2022-03-14,18:01:19,+0100,2573761091,open2uropinion,Ahmad Ismail,,As part of #Russia's strategy for the demilitarization of Ukraine = disabling factories producing or repairing weapons (examples in Zorya-Mashproekt (gaz turbine engines)) #Ukraine #UkraineWar #UkraineRussiaWar,en,[],[],[],1,0,0,"['russia', 'ukraine', 'ukrainewar', 'ukrainerussiawar']",[],https://twitter.com/open2uropinion/status/1503415993389010955,False,https://twitter.com/ragipsoylu/status/1503408456660885511,0,,,,,,,,[],,,,
1503406906441977857,1503406906441977857,2022-03-14 17:25:13 +01,2022-03-14,17:25:13,+0100,2188343432,pjourdan1967,Philippe JOURDAN,,Pas certain que les sanctions ne soient pas √† g√©om√©trie variable : les importations de gaz russe atteignent des niveaux records. #Ukraine #GuerreUkraine #UkraineWar #Russia,fr,[],[],[],0,0,0,"['ukraine', 'guerreukraine', 'ukrainewar', 'russia']",[],https://twitter.com/pjourdan1967/status/1503406906441977857,False,https://twitter.com/NicolasMeilhan/status/1503377866477744128,0,,,,,,,,[],,,,
1503367163360563202,1503367163360563202,2022-03-14 14:47:17 +01,2022-03-14,14:47:17,+0100,435224364,callystor,üåøüêù –†–µ–º–∏ œÜüçíüê¢,,"L'incitation hors-sol de #Pompili √† diminuer notre chauffage vaut bien celle de Pannier-Runacher, qui conseillait √† une dame de changer de chaudi√®re pour sortir de la mis√®re... La caste #Macron en pleine forme. #Ukraine #Russia #gaz üì∫@caissesdegreve  https://t.co/4RwNwMZrHA",fr,"[{'screen_name': 'caissesdegreve', 'name': 'caisses de gr√®ve', 'id': '1209456196916301824'}]",[],[],3,11,14,"['pompili', 'macron', 'ukraine', 'russia', 'gaz']",[],https://twitter.com/Callystor/status/1503367163360563202,False,,1,https://pbs.twimg.com/ext_tw_video_thumb/1503360650671710213/pu/img/IPpinlimqAFHhXvX.jpg,,,,,,,[],,,,
1503362642487832576,1503358037704253440,2022-03-14 14:29:19 +01,2022-03-14,14:29:19,+0100,1197575343286022144,jeannetpaz,Jeanne Paz,,@cliffordlevy @vonderleyen @Bundeskanzler @EmmanuelMacron No oil or gaz are worth this. Escalate sanctions to max. Protect these innocent people. Ukraine not being part of @NATO is not a good reason for letting Russia invade and slaughter these lives in a democratic country.,en,"[{'screen_name': 'bundeskanzler', 'name': 'bundeskanzler olaf scholz', 'id': '1489164711652466688'}, {'screen_name': 'emmanuelmacron', 'name': 'emmanuel macron', 'id': '1976143068'}, {'screen_name': 'nato', 'name': 'nato', 'id': '83795099'}]",[],[],0,0,0,[],[],https://twitter.com/JeanneTPaz/status/1503362642487832576,False,,0,,,,,,,,"[{'screen_name': 'cliffordlevy', 'name': 'Cliff Levy', 'id': '54885334'}]",,,,
1503326888604876802,1503326888604876802,2022-03-14 12:07:15 +01,2022-03-14,12:07:15,+0100,46455391,godfroykone,GODFROY KONE,,* The price of European gas falls further following negotiations between Russia and Ukraine * ‰øÑÁΩóÊñØ‰∏é‰πåÂÖãÂÖ∞Ë∞àÂà§ÂêéÊ¨ßÊ¥≤Â§©ÁÑ∂Ê∞î‰ª∑Ê†ºËøõ‰∏ÄÊ≠•‰∏ãË∑å * Le prix du gaz europ√©en baisse encore suite aux n√©gociations entre la Russie et l'Ukraine  https://t.co/dvrGk2fSm1,zh,[],['https://www.rtbf.be/article/le-prix-du-gaz-europeen-baisse-encore-suite-aux-negociations-entre-la-russie-et-l-ukraine-10954460'],[],0,0,0,[],[],https://twitter.com/godfroykone/status/1503326888604876802,False,,0,,,,,,,,[],,,,
1503117031129980929,1503053699798769666,2022-03-13 22:13:21 +01,2022-03-13,22:13:21,+0100,2335142371,stapnstap,StapnStap,,@kamilkazani So EU should blow up the pipelines ? So Putin can no longer sell gaz. And next give more military material to Ukra√Øne. For example more drones who can attack military infrastructure in  Russia ?,en,[],[],[],0,0,1,[],[],https://twitter.com/stapnstap/status/1503117031129980929,False,,0,,,,,,,,"[{'screen_name': 'kamilkazani', 'name': 'Kamil Galeev', 'id': '1364845405'}]",,,,
1503052477612101636,1502971236867088387,2022-03-13 17:56:50 +01,2022-03-13,17:56:50,+0100,65434313,danivonuk,Owen Richards üíô NHS & Carers,,@gaz_m_ @chris__medland @Peston There was a reason we ended National Service in 1960. Conscripts make terrible soldiers (look at Russia's conscripts in Ukraine),en,[],[],[],1,0,3,[],[],https://twitter.com/DanivonUK/status/1503052477612101636,False,,0,,,,,,,,"[{'screen_name': 'gaz_m_', 'name': 'Gaz Mitchell', 'id': '60960336'}, {'screen_name': 'chris__medland', 'name': 'Chris Medland', 'id': '1425824153500733440'}, {'screen_name': 'Peston', 'name': 'Robert Peston', 'id': '14157134'}]",,,,
1503040028192161792,1503030755898843139,2022-03-13 17:07:22 +01,2022-03-13,17:07:22,+0100,842670807843258368,xperd_ua,Xperd,,"@RubenLe98707934 @gaz_m_ @hakaido2 @SkyNews Russia has attacked Ukraine, and you are asking for proofs? Wtf?",en,[],[],[],1,0,0,[],[],https://twitter.com/xperd_ua/status/1503040028192161792,False,,0,,,,,,,,"[{'screen_name': 'RubenLe98707934', 'name': 'Lee Walsh', 'id': '1269882220354973696'}, {'screen_name': 'gaz_m_', 'name': 'Gaz Mitchell', 'id': '60960336'}, {'screen_name': 'hakaido2', 'name': 'hakaido', 'id': '1183628042847051776'}, {'screen_name': 'SkyNews', 'name': 'Sky News', 'id': '7587032'}]",,,,
1503018317723881474,1503018317723881474,2022-03-13 15:41:06 +01,2022-03-13,15:41:06,+0100,1369065514522316811,v_geuzen,Vlaamse Geuzen - Stand STRONG with Ukraine,,"the war in #ukraine with #russia has now even convinced #turkey that it should normalize its relations with #greece (you are reading this, yes) because #nato wants to become more united even if it is bigger - this is mindblowing (and there are enormous gaz reserves there)  https://t.co/74FMVX25p4",en,[],[],['https://pbs.twimg.com/media/FNvLKYnXoAI9KGJ.png'],0,0,1,"['ukraine', 'russia', 'turkey', 'greece', 'nato']",[],https://twitter.com/v_geuzen/status/1503018317723881474,False,,1,https://pbs.twimg.com/media/FNvLKYnXoAI9KGJ.png,,,,,,,[],,,,
1502955333232336898,1502955333232336898,2022-03-13 11:30:49 +01,2022-03-13,11:30:49,+0100,197438759,inga_rosinska,Inga Rosinska,,"Think about Dima. Also when we consider if we can turn heating down in EU and have less comfortable lives. We pay for gaz, Russia pays for arm. #Ukraine",en,[],[],[],0,1,0,['ukraine'],[],https://twitter.com/Inga_Rosinska/status/1502955333232336898,False,https://twitter.com/OlenaHalushka/status/1502863744627585026,0,,,,,,,,[],,,,
1502949219895853057,1483936242471522312,2022-03-13 11:06:32 +01,2022-03-13,11:06:32,+0100,1234030800934440962,gosterilmeyen,G√∂sterilmeyen Haberler,,"#Russia #Ukraine #War #Rusya #Ukrayna #Sava≈ü Rusya Dƒ±≈üi≈üleri Bakan Yardƒ±mcƒ±sƒ±:  ""Rusya, gerekirse Avrupa'ya gaz tedarikini durdurur.""  Mart-12-March",tr,[],[],[],1,0,1,"['russia', 'ukraine', 'war', 'rusya', 'ukrayna', 'sava≈ü']",[],https://twitter.com/gosterilmeyen/status/1502949219895853057,False,,0,,,,,,,,[],,,,
1502944706870792192,1502580871236407300,2022-03-13 10:48:36 +01,2022-03-13,10:48:36,+0100,1425519868388986883,alphapoower,ALPHA=POWER,,"@rockerfellerxau Sen kripto yorumla birader,senin gibilerin kafasƒ± basmaz bu sava≈ü i≈ülerine,anla≈ümalarƒ±n olduƒüu bu d√∂nemde herkes kozunu oynuyor,kendi √ºlken gaz √ßƒ±kartamƒ±yor,sen sanki sende var diye payla≈üƒ±m yapƒ±yorsun ≈üaka gibi #Russia #Ukraine",tr,[],[],[],0,0,0,"['russia', 'ukraine']",[],https://twitter.com/alphapoower/status/1502944706870792192,False,,0,,,,,,,,"[{'screen_name': 'rockerfellerxau', 'name': 'üî•Rockerfeller.Eth', 'id': '1287705992675950592'}]",,,,
1502859174698528768,1502832915134222339,2022-03-13 05:08:43 +01,2022-03-13,05:08:43,+0100,112056569,chrischenko,Chris,,@H4PPYF0RK3R @SpudIRL @LFC0wen @nathanworksop84 @NotoriousRMD @mickconlan11 Gaz see if/when Russia takes over Ukraine. Will you respect the Ukrainian people for calling themselves Ukrainian still? Or should they bend over like a little bitch and become Russians? I‚Äôm curious.,en,[],[],[],1,0,0,[],[],https://twitter.com/Chrischenko/status/1502859174698528768,False,,0,,,,,,,,"[{'screen_name': 'H4pPyF0rK3R', 'name': 'Gaz ü§£', 'id': '1427006556202278916'}, {'screen_name': 'SpudIRL', 'name': 'Spuddy', 'id': '1417058867779940352'}, {'screen_name': 'LFC0wen', 'name': 'üáÆüá™üáµüá∏', 'id': '1278389181799108608'}, {'screen_name': 'nathanworksop84', 'name': 'Nathan Morris', 'id': '972394117'}, {'screen_name': 'NotoriousRMD', 'name': 'Ryan‚òòÔ∏è', 'id': '1048240608949800961'}, {'screen_name': 'mickconlan11', 'name': 'Michael Conlan', 'id': '133373863'}]",,,,
1502804909271494657,1502804401697787906,2022-03-13 01:33:05 +01,2022-03-13,01:33:05,+0100,1213790045624139777,blue6080,Shu üá®üáµ #Roussel2022,,"Je rajouterai m√™me, que ce sont √©galement les occidentaux qui en p√¢tissent aussi, on le voit avec l'augmentation du prix du gaz et de l'essence qui se fait d√©j√† ressentir... Et maintenant √ßa parle de l'augmentation du prix des denr√©es alimentaires. #Ukraine #Russia #guerre",fr,[],[],[],0,0,1,"['ukraine', 'russia', 'guerre']",[],https://twitter.com/blue6080/status/1502804909271494657,False,,0,,,,,,,,[],,,,
1502794240425930764,1502767310746144768,2022-03-13 00:50:42 +01,2022-03-13,00:50:42,+0100,612856838,enweermohamed,enweer mohamed,,@USEmbassyLibya Negotiations ! more waste of time a pretext to delay elections it seems that the US with its preoccupation with the Russia and Ukraine would like to keep the status quo as is for now as long as the oil and gaz reaching consumers .,en,[],[],[],0,0,0,[],[],https://twitter.com/EnweerMohamed/status/1502794240425930764,False,,0,,,,,,,,"[{'screen_name': 'USEmbassyLibya', 'name': 'U.S. Embassy - Libya', 'id': '587257369'}]",,,,
1502760436613226496,1502760436613226496,2022-03-12 22:36:22 +01,2022-03-12,22:36:22,+0100,1101297343742263300,intelrogue,Intel Rogue,,Ukrainian forces recently destroyed a Russian GAZ Tigr. #Ukraine #Russia #StopRussia  https://t.co/gqA43LvaR1,en,[],[],[],0,3,19,"['ukraine', 'russia', 'stoprussia']",[],https://twitter.com/IntelRogue/status/1502760436613226496,False,,1,https://pbs.twimg.com/ext_tw_video_thumb/1502742872642179078/pu/img/n_vmHM82b2B8nLgG.jpg,,,,,,,[],,,,
1502755971692650506,1502738685388902404,2022-03-12 22:18:38 +01,2022-03-12,22:18:38,+0100,1293559926435074050,tehyozo,Y,,"@PrayFreeUkraine @200_zoka Who's the world?   The only help is the economic sections, and that's not really a sanction when u know that gaz%petrole prices have skyrocketed since (more money for Russia)  Reality is : Russian soldiers are already at Kiev &amp; none of the EU nations have came to help Ukraine.",en,[],[],[],0,0,0,[],[],https://twitter.com/tehyozo/status/1502755971692650506,False,,0,,,,,,,,"[{'screen_name': 'PrayFreeUkraine', 'name': 'FREEDOMFORUKRAINE', 'id': '1502074194023960580'}, {'screen_name': '200_zoka', 'name': 'ZOKA', 'id': '843251410456272897'}]",,,,
1502749007843627010,1502698192915165184,2022-03-12 21:50:57 +01,2022-03-12,21:50:57,+0100,1487193573074350083,ericbea28070077,Eric Beaudoin,,"@TheLocalGermany Only two things can stop Putin: China or Russian citizen with Russian generals. To have Russians involved, they need to be starved badly, and for so, EU has to stop buying oil and gaz from Russia now, otherwise Ukraine will lose very soon",en,[],[],[],0,0,0,[],[],https://twitter.com/EricBea28070077/status/1502749007843627010,False,,0,,,,,,,,"[{'screen_name': 'TheLocalGermany', 'name': 'The Local Germany', 'id': '21397917'}]",,,,
1502745929253892104,1502323769267953664,2022-03-12 21:38:43 +01,2022-03-12,21:38:43,+0100,1498687720230727680,oksana625366671,Oksana,,"@Bundeskanzler Ukrainian people's blood is on German Government's hands! Being allies with Russia gives out your Nazi views. Stop buying Russian petrol and gaz, stop blocking EU's decisions in Ukraine's favour!German people stand with Ukraine, but not the German Government.",en,[],[],[],0,0,0,[],[],https://twitter.com/Oksana625366671/status/1502745929253892104,False,,0,,,,,,,,"[{'screen_name': 'Bundeskanzler', 'name': 'Bundeskanzler Olaf Scholz', 'id': '1489164711652466688'}]",,,,
1502735418411921412,1502653806856880129,2022-03-12 20:56:57 +01,2022-03-12,20:56:57,+0100,306599748,phd_izzy,"Israel Ayenigbara, ABD",,"@gaz_m_ @SkyNews I doubt NATO would get involved if chem weapons are used in Ukraine, expect it affected NATO territory. NATO and the US doesn't want to involve in a war with Russia to avoid WW3 and nuclear war. However, the redline for Putin by Biden is an attack on any NATO territory.",en,[],[],[],0,0,0,[],[],https://twitter.com/PhD_Izzy/status/1502735418411921412,False,,0,,,,,,,,"[{'screen_name': 'gaz_m_', 'name': 'Gaz Mitchell', 'id': '60960336'}, {'screen_name': 'SkyNews', 'name': 'Sky News', 'id': '7587032'}]",,,,
1502693533299445761,1502693533299445761,2022-03-12 18:10:31 +01,2022-03-12,18:10:31,+0100,1473077289621630980,ninaniss4,Ninatshi,,Trendy tshirt design explain the gaz crisis in the world because of the war  https://t.co/H0sQcsYjRu #Oeuf  #OneYearWithR  #Russia #Ukraine #fashion,en,[],['https://www.redbubble.com/fr/shop/ap/104055658?asc=u'],[],0,1,0,"['oeuf', 'oneyearwithr', 'russia', 'ukraine', 'fashion']",[],https://twitter.com/Ninaniss4/status/1502693533299445761,False,,0,,,,,,,,[],,,,
1502655679655514121,1502655679655514121,2022-03-12 15:40:06 +01,2022-03-12,15:40:06,+0100,1369065514522316811,v_geuzen,Vlaamse Geuzen - Stand STRONG with Ukraine,,so the #russia invasion was not about gaz from #ukraine all along but about nuclear energy  https://t.co/q9daIogGJU,en,[],[],['https://pbs.twimg.com/media/FNqBXoBXsAAP_sB.png'],1,0,0,"['russia', 'ukraine']",[],https://twitter.com/v_geuzen/status/1502655679655514121,False,,1,https://pbs.twimg.com/media/FNqBXoBXsAAP_sB.png,,,,,,,[],,,,
1502629093635985408,1502629093635985408,2022-03-12 13:54:28 +01,2022-03-12,13:54:28,+0100,1960110732,osarikaya01,Orhan SARIKAYA üáπüá∑,,"#Rusya Dƒ±≈üi≈üleri Bakanlƒ±ƒüƒ±: ""Gerekirse Avrupa'ya gaz tedarikini durdururuz.""  #Ukraine #Ukraina #UkraineRussiaWar #StandWithUkraineNOW  #russianarmylosing #Russia #UkraineWar #Putin",tr,[],[],[],0,1,8,"['rusya', 'ukraine', 'ukraina', 'ukrainerussiawar', 'standwithukrainenow', 'russianarmylosing', 'russia', 'ukrainewar', 'putin']",[],https://twitter.com/osarikaya01/status/1502629093635985408,False,,0,,,,,,,,[],,,,
1502456409664991233,1502231303302877184,2022-03-12 02:28:17 +01,2022-03-12,02:28:17,+0100,1496711845876539397,douardmontfort1,√âdouard Montfort,,"@enea12 @ua_industrial All countries still have companies working with Russia. And many countries keep heavily drinking Russian gaz, unlike France. We also provide weapons to Ukraine. Keep your stupid historical comments for yourself. Thanks.",en,[],[],[],1,0,0,[],[],https://twitter.com/douardMontfort1/status/1502456409664991233,False,,0,,,,,,,,"[{'screen_name': 'enea12', 'name': 'Enea Zenuni', 'id': '105726165'}, {'screen_name': 'ua_industrial', 'name': '–ü—Ä–æ–º–∏—Å–ª–æ–≤–∏–π –ü–æ—Ä—Ç–∞–ª', 'id': '435239369'}]",,,,
